personId,firstName,lastName,city,fullName
P1,Charlotte,Miller,San Diego,Charlotte Miller
P2,Alexander,Moore,Seattle,Alexander Moore
P3,James,Johnson,Houston,James Johnson
P4,Liam,Taylor,Phoenix,Liam Taylor
P5,Amelia,Hernandez,Denver,Amelia Hernandez
P6,Charlotte,Lopez,Boston,Charlotte Lopez
P7,Henry,Jackson,Las Vegas,Henry Jackson
P8,Liam,Miller,San Jose,Liam Miller
P9,Liam,Martin,Las Vegas,Liam Martin
P10,Sophia,Garcia,Seattle,Sophia Garcia
P11,Amelia,Smith,Atlanta,Amelia Smith
P12,Ava,Taylor,Las Vegas,Ava Taylor
P13,Olivia,Hernandez,Seattle,Olivia Hernandez
P14,Noah,Moore,San Diego,Noah Moore
P15,Mia,Taylor,Chicago,Mia Taylor
P16,Olivia,Miller,Las Vegas,Olivia Miller
P17,Emma,Taylor,Denver,Emma Taylor
P18,Noah,Martin,San Diego,Noah Martin
P19,Noah,Rodriguez,Phoenix,Noah Rodriguez
P20,Benjamin,Taylor,San Diego,Benjamin Taylor
P21,Evelyn,Martin,Seattle,Evelyn Martin
P22,William,Davis,New York,William Davis
P23,James,Taylor,Philadelphia,James Taylor
P24,James,Miller,Portland,James Miller
P25,Henry,Smith,San Diego,Henry Smith
P26,Noah,Gonzalez,San Antonio,Noah Gonzalez
P27,Alexander,Jackson,New York,Alexander Jackson
P28,Ava,Jackson,Las Vegas,Ava Jackson
P29,Isabella,Taylor,Seattle,Isabella Taylor
P30,Henry,Gonzalez,Philadelphia,Henry Gonzalez
P31,Charlotte,Thomas,Los Angeles,Charlotte Thomas
P32,Harper,Davis,Miami,Harper Davis
P33,Charlotte,Jackson,Houston,Charlotte Jackson
P34,Lucas,Moore,New York,Lucas Moore
P35,Sophia,Smith,Portland,Sophia Smith
P36,Elijah,Wilson,Denver,Elijah Wilson
P37,Lucas,Jackson,Los Angeles,Lucas Jackson
P38,Harper,Anderson,Dallas,Harper Anderson
P39,Olivia,Moore,Los Angeles,Olivia Moore
P40,Alexander,Johnson,Dallas,Alexander Johnson
P41,James,Taylor,New York,James Taylor
P42,Charlotte,Moore,Austin,Charlotte Moore
P43,Noah,Garcia,Chicago,Noah Garcia
P44,Amelia,Jackson,Houston,Amelia Jackson
P45,James,Brown,Portland,James Brown
P46,Ava,Smith,Philadelphia,Ava Smith
P47,Elijah,Davis,Chicago,Elijah Davis
P48,Benjamin,Miller,Austin,Benjamin Miller
P49,Sophia,Williams,Boston,Sophia Williams
P50,Lucas,Martinez,Phoenix,Lucas Martinez
P51,Amelia,Martinez,San Jose,Amelia Martinez
P52,Sophia,Jackson,Seattle,Sophia Jackson
P53,Olivia,Wilson,Boston,Olivia Wilson
P54,Mia,Johnson,Atlanta,Mia Johnson
P55,Evelyn,Smith,San Jose,Evelyn Smith
P56,Sophia,Moore,Philadelphia,Sophia Moore
P57,Lucas,Miller,Portland,Lucas Miller
P58,Noah,Davis,Denver,Noah Davis
P59,Olivia,Smith,Chicago,Olivia Smith
P60,Evelyn,Williams,San Jose,Evelyn Williams
P61,Sophia,Davis,Miami,Sophia Davis
P62,Elijah,Anderson,Philadelphia,Elijah Anderson
P63,William,Jones,Chicago,William Jones
P64,James,Williams,Las Vegas,James Williams
P65,Amelia,Jackson,San Antonio,Amelia Jackson
P66,Elijah,Smith,Miami,Elijah Smith
P67,Amelia,Anderson,Dallas,Amelia Anderson
P68,William,Davis,Boston,William Davis
P69,Oliver,Johnson,Chicago,Oliver Johnson
P70,Lucas,Williams,Los Angeles,Lucas Williams
P71,James,Wilson,Los Angeles,James Wilson
P72,Oliver,Wilson,Chicago,Oliver Wilson
P73,Harper,Hernandez,Portland,Harper Hernandez
P74,James,Thomas,Miami,James Thomas
P75,Oliver,Brown,Portland,Oliver Brown
P76,Emma,Martin,San Jose,Emma Martin
P77,Charlotte,Jones,Los Angeles,Charlotte Jones
P78,Harper,Wilson,New York,Harper Wilson
P79,Emma,Thomas,Houston,Emma Thomas
P80,Noah,Moore,Miami,Noah Moore
P81,Amelia,Miller,New York,Amelia Miller
P82,Liam,Martinez,Miami,Liam Martinez
P83,Henry,Miller,Las Vegas,Henry Miller
P84,Benjamin,Smith,Miami,Benjamin Smith
P85,Amelia,Jackson,Chicago,Amelia Jackson
P86,Ava,Thomas,Chicago,Ava Thomas
P87,Ava,Jackson,Dallas,Ava Jackson
P88,Emma,Brown,Philadelphia,Emma Brown
P89,Isabella,Moore,Denver,Isabella Moore
P90,Evelyn,Johnson,Los Angeles,Evelyn Johnson
P91,Charlotte,Smith,San Diego,Charlotte Smith
P92,Harper,Anderson,Los Angeles,Harper Anderson
P93,Charlotte,Jones,Houston,Charlotte Jones
P94,Harper,Martin,Boston,Harper Martin
P95,Amelia,Hernandez,Houston,Amelia Hernandez
P96,Noah,Martinez,Denver,Noah Martinez
P97,Olivia,Johnson,Seattle,Olivia Johnson
P98,Emma,Williams,Denver,Emma Williams
P99,William,Lopez,Miami,William Lopez
P100,Isabella,Martin,Portland,Isabella Martin
P101,Ava,Jones,Philadelphia,Ava Jones
P102,Noah,Jones,Austin,Noah Jones
P103,Amelia,Garcia,Los Angeles,Amelia Garcia
P104,Ava,Rodriguez,Phoenix,Ava Rodriguez
P105,Emma,Johnson,Los Angeles,Emma Johnson
P106,Ava,Lopez,San Jose,Ava Lopez
P107,Isabella,Williams,Los Angeles,Isabella Williams
P108,James,Martin,Austin,James Martin
P109,Elijah,Lopez,Portland,Elijah Lopez
P110,Ava,Taylor,Boston,Ava Taylor
P111,Emma,Martinez,Dallas,Emma Martinez
P112,Isabella,Wilson,Dallas,Isabella Wilson
P113,Elijah,Taylor,Chicago,Elijah Taylor
P114,Charlotte,Moore,Dallas,Charlotte Moore
P115,Harper,Jackson,Miami,Harper Jackson
P116,James,Taylor,San Antonio,James Taylor
P117,James,Wilson,Las Vegas,James Wilson
P118,Evelyn,Rodriguez,Las Vegas,Evelyn Rodriguez
P119,Oliver,Davis,New York,Oliver Davis
P120,Henry,Johnson,Houston,Henry Johnson
P121,Charlotte,Gonzalez,Houston,Charlotte Gonzalez
P122,Benjamin,Miller,San Antonio,Benjamin Miller
P123,Alexander,Rodriguez,San Diego,Alexander Rodriguez
P124,Sophia,Hernandez,Atlanta,Sophia Hernandez
P125,Isabella,Wilson,Phoenix,Isabella Wilson
P126,Charlotte,Brown,San Antonio,Charlotte Brown
P127,Oliver,Gonzalez,Houston,Oliver Gonzalez
P128,James,Johnson,Philadelphia,James Johnson
P129,Liam,Jones,San Antonio,Liam Jones
P130,Sophia,Hernandez,Portland,Sophia Hernandez
P131,Oliver,Garcia,Phoenix,Oliver Garcia
P132,Charlotte,Moore,Chicago,Charlotte Moore
P133,Henry,Martinez,San Antonio,Henry Martinez
P134,Olivia,Brown,Miami,Olivia Brown
P135,Evelyn,Rodriguez,San Antonio,Evelyn Rodriguez
P136,Oliver,Garcia,Phoenix,Oliver Garcia
P137,Mia,Johnson,Phoenix,Mia Johnson
P138,Noah,Taylor,Los Angeles,Noah Taylor
P139,Noah,Jones,Philadelphia,Noah Jones
P140,Alexander,Garcia,Boston,Alexander Garcia
P141,Liam,Lopez,San Jose,Liam Lopez
P142,Charlotte,Martinez,San Antonio,Charlotte Martinez
P143,Emma,Garcia,Phoenix,Emma Garcia
P144,Emma,Davis,New York,Emma Davis
P145,Alexander,Johnson,Denver,Alexander Johnson
P146,Oliver,Lopez,Portland,Oliver Lopez
P147,Harper,Gonzalez,Denver,Harper Gonzalez
P148,Ava,Miller,Portland,Ava Miller
P149,Charlotte,Martinez,Phoenix,Charlotte Martinez
P150,Mia,Gonzalez,Denver,Mia Gonzalez
P151,Amelia,Taylor,Houston,Amelia Taylor
P152,Harper,Wilson,Atlanta,Harper Wilson
P153,Isabella,Johnson,Chicago,Isabella Johnson
P154,Emma,Hernandez,Atlanta,Emma Hernandez
P155,Henry,Smith,Austin,Henry Smith
P156,Evelyn,Jackson,Houston,Evelyn Jackson
P157,Noah,Brown,Los Angeles,Noah Brown
P158,James,Jackson,Las Vegas,James Jackson
P159,Harper,Hernandez,Portland,Harper Hernandez
P160,Alexander,Davis,San Diego,Alexander Davis
P161,Benjamin,Hernandez,Chicago,Benjamin Hernandez
P162,Benjamin,Brown,Dallas,Benjamin Brown
P163,Alexander,Taylor,Philadelphia,Alexander Taylor
P164,Noah,Miller,San Jose,Noah Miller
P165,Charlotte,Davis,San Jose,Charlotte Davis
P166,Olivia,Williams,Denver,Olivia Williams
P167,Ava,Johnson,Atlanta,Ava Johnson
P168,Benjamin,Anderson,Dallas,Benjamin Anderson
P169,Isabella,Jones,Atlanta,Isabella Jones
P170,Benjamin,Smith,Dallas,Benjamin Smith
P171,Benjamin,Brown,Dallas,Benjamin Brown
P172,Benjamin,Anderson,New York,Benjamin Anderson
P173,Olivia,Martin,Los Angeles,Olivia Martin
P174,Olivia,Jackson,Las Vegas,Olivia Jackson
P175,Isabella,Williams,New York,Isabella Williams
P176,Emma,Martin,San Jose,Emma Martin
P177,Emma,Hernandez,Portland,Emma Hernandez
P178,Henry,Taylor,San Diego,Henry Taylor
P179,Olivia,Gonzalez,Austin,Olivia Gonzalez
P180,Noah,Hernandez,Los Angeles,Noah Hernandez
P181,Mia,Johnson,San Diego,Mia Johnson
P182,Sophia,Rodriguez,San Diego,Sophia Rodriguez
P183,Liam,Johnson,Atlanta,Liam Johnson
P184,Benjamin,Rodriguez,Boston,Benjamin Rodriguez
P185,Mia,Rodriguez,Atlanta,Mia Rodriguez
P186,Isabella,Davis,Denver,Isabella Davis
P187,Alexander,Taylor,Phoenix,Alexander Taylor
P188,Olivia,Smith,Seattle,Olivia Smith
P189,Mia,Hernandez,New York,Mia Hernandez
P190,Liam,Davis,Phoenix,Liam Davis
P191,William,Martinez,San Diego,William Martinez
P192,William,Miller,Denver,William Miller
P193,Emma,Williams,San Diego,Emma Williams
P194,Harper,Williams,Austin,Harper Williams
P195,Mia,Moore,New York,Mia Moore
P196,William,Jones,Denver,William Jones
P197,Ava,Lopez,Chicago,Ava Lopez
P198,Alexander,Lopez,Atlanta,Alexander Lopez
P199,Sophia,Jackson,Phoenix,Sophia Jackson
P200,Henry,Garcia,San Diego,Henry Garcia
P201,Ava,Johnson,Miami,Ava Johnson
P202,Henry,Lopez,Houston,Henry Lopez
P203,Alexander,Jackson,Austin,Alexander Jackson
P204,Charlotte,Jones,Boston,Charlotte Jones
P205,Alexander,Lopez,San Antonio,Alexander Lopez
P206,Harper,Taylor,Austin,Harper Taylor
P207,Emma,Taylor,Phoenix,Emma Taylor
P208,Amelia,Martinez,Phoenix,Amelia Martinez
P209,Charlotte,Taylor,San Diego,Charlotte Taylor
P210,Lucas,Anderson,San Jose,Lucas Anderson
P211,Amelia,Lopez,Philadelphia,Amelia Lopez
P212,Emma,Thomas,Boston,Emma Thomas
P213,Liam,Jackson,Las Vegas,Liam Jackson
P214,Lucas,Davis,Atlanta,Lucas Davis
P215,Evelyn,Taylor,San Diego,Evelyn Taylor
P216,Ava,Jones,San Diego,Ava Jones
P217,Charlotte,Thomas,Dallas,Charlotte Thomas
P218,William,Garcia,Los Angeles,William Garcia
P219,William,Davis,Boston,William Davis
P220,Alexander,Moore,Portland,Alexander Moore
P221,Benjamin,Lopez,Chicago,Benjamin Lopez
P222,Olivia,Anderson,Atlanta,Olivia Anderson
P223,Emma,Rodriguez,Houston,Emma Rodriguez
P224,William,Gonzalez,Houston,William Gonzalez
P225,Noah,Anderson,Miami,Noah Anderson
P226,Isabella,Martinez,Dallas,Isabella Martinez
P227,Isabella,Thomas,Dallas,Isabella Thomas
P228,Harper,Miller,Portland,Harper Miller
P229,Harper,Taylor,San Jose,Harper Taylor
P230,Ava,Miller,Houston,Ava Miller
P231,Henry,Wilson,Seattle,Henry Wilson
P232,William,Anderson,San Diego,William Anderson
P233,William,Miller,Los Angeles,William Miller
P234,Ava,Rodriguez,Denver,Ava Rodriguez
P235,Alexander,Jackson,Las Vegas,Alexander Jackson
P236,Emma,Thomas,Los Angeles,Emma Thomas
P237,Alexander,Davis,Austin,Alexander Davis
P238,Liam,Moore,San Jose,Liam Moore
P239,Benjamin,Moore,Boston,Benjamin Moore
P240,Amelia,Martin,Atlanta,Amelia Martin
P241,Sophia,Miller,San Diego,Sophia Miller
P242,Mia,Williams,Portland,Mia Williams
P243,Amelia,Moore,Dallas,Amelia Moore
P244,Alexander,Martinez,San Diego,Alexander Martinez
P245,Ava,Miller,Miami,Ava Miller
P246,William,Taylor,Portland,William Taylor
P247,Ava,Wilson,Seattle,Ava Wilson
P248,Lucas,Williams,Miami,Lucas Williams
P249,Elijah,Lopez,Atlanta,Elijah Lopez
P250,Lucas,Gonzalez,Chicago,Lucas Gonzalez
P251,Olivia,Johnson,San Antonio,Olivia Johnson
P252,Ava,Williams,Atlanta,Ava Williams
P253,William,Jones,Seattle,William Jones
P254,Harper,Hernandez,Dallas,Harper Hernandez
P255,Sophia,Davis,Boston,Sophia Davis
P256,Emma,Lopez,Portland,Emma Lopez
P257,Sophia,Miller,Denver,Sophia Miller
P258,Emma,Anderson,San Diego,Emma Anderson
P259,Elijah,Taylor,Miami,Elijah Taylor
P260,William,Brown,San Diego,William Brown
P261,Alexander,Gonzalez,Miami,Alexander Gonzalez
P262,Amelia,Moore,San Antonio,Amelia Moore
P263,Charlotte,Smith,Seattle,Charlotte Smith
P264,Ava,Thomas,Austin,Ava Thomas
P265,Benjamin,Gonzalez,Austin,Benjamin Gonzalez
P266,Emma,Martinez,Denver,Emma Martinez
P267,William,Lopez,Portland,William Lopez
P268,Noah,Johnson,Los Angeles,Noah Johnson
P269,Henry,Williams,Boston,Henry Williams
P270,Elijah,Martinez,Portland,Elijah Martinez
P271,Mia,Johnson,Boston,Mia Johnson
P272,Mia,Gonzalez,Seattle,Mia Gonzalez
P273,Oliver,Gonzalez,Denver,Oliver Gonzalez
P274,Henry,Moore,Austin,Henry Moore
P275,Amelia,Williams,Phoenix,Amelia Williams
P276,Olivia,Miller,New York,Olivia Miller
P277,Emma,Wilson,Chicago,Emma Wilson
P278,James,Martin,San Antonio,James Martin
P279,Emma,Taylor,Seattle,Emma Taylor
P280,Isabella,Lopez,Boston,Isabella Lopez
P281,William,Thomas,Phoenix,William Thomas
P282,Henry,Lopez,Boston,Henry Lopez
P283,Sophia,Anderson,San Diego,Sophia Anderson
P284,Ava,Martinez,San Jose,Ava Martinez
P285,Benjamin,Miller,Las Vegas,Benjamin Miller
P286,Benjamin,Martin,San Diego,Benjamin Martin
P287,Noah,Jones,New York,Noah Jones
P288,Elijah,Smith,Seattle,Elijah Smith
P289,Mia,Taylor,Phoenix,Mia Taylor
P290,Ava,Williams,Chicago,Ava Williams
P291,Harper,Gonzalez,New York,Harper Gonzalez
P292,Isabella,Wilson,Houston,Isabella Wilson
P293,Benjamin,Moore,San Diego,Benjamin Moore
P294,Elijah,Brown,Chicago,Elijah Brown
P295,Ava,Moore,San Jose,Ava Moore
P296,Emma,Jones,Los Angeles,Emma Jones
P297,Alexander,Thomas,Austin,Alexander Thomas
P298,Emma,Smith,San Jose,Emma Smith
P299,Ava,Wilson,Miami,Ava Wilson
P300,Lucas,Anderson,San Antonio,Lucas Anderson
P301,Evelyn,Rodriguez,Los Angeles,Evelyn Rodriguez
P302,Ava,Anderson,Dallas,Ava Anderson
P303,Amelia,Taylor,Las Vegas,Amelia Taylor
P304,Elijah,Brown,Denver,Elijah Brown
P305,Lucas,Lopez,Dallas,Lucas Lopez
P306,James,Jones,Houston,James Jones
P307,Olivia,Jones,San Jose,Olivia Jones
P308,Evelyn,Hernandez,Seattle,Evelyn Hernandez
P309,Olivia,Garcia,Atlanta,Olivia Garcia
P310,Benjamin,Miller,Miami,Benjamin Miller
P311,Amelia,Wilson,Miami,Amelia Wilson
P312,Emma,Hernandez,Los Angeles,Emma Hernandez
P313,Harper,Gonzalez,Austin,Harper Gonzalez
P314,Liam,Johnson,Las Vegas,Liam Johnson
P315,William,Miller,Philadelphia,William Miller
P316,Charlotte,Martin,Phoenix,Charlotte Martin
P317,Evelyn,Brown,Houston,Evelyn Brown
P318,Ava,Davis,Boston,Ava Davis
P319,Lucas,Martin,Houston,Lucas Martin
P320,Oliver,Jackson,San Jose,Oliver Jackson
P321,Charlotte,Gonzalez,Chicago,Charlotte Gonzalez
P322,Sophia,Wilson,Phoenix,Sophia Wilson
P323,Oliver,Martinez,Philadelphia,Oliver Martinez
P324,Alexander,Hernandez,San Diego,Alexander Hernandez
P325,Emma,Johnson,San Antonio,Emma Johnson
P326,Amelia,Rodriguez,San Jose,Amelia Rodriguez
P327,Elijah,Taylor,Philadelphia,Elijah Taylor
P328,William,Williams,Miami,William Williams
P329,Elijah,Garcia,Houston,Elijah Garcia
P330,Noah,Jones,Denver,Noah Jones
P331,Henry,Jones,Atlanta,Henry Jones
P332,James,Anderson,San Antonio,James Anderson
P333,Olivia,Taylor,Houston,Olivia Taylor
P334,Olivia,Rodriguez,Miami,Olivia Rodriguez
P335,Henry,Williams,Chicago,Henry Williams
P336,Benjamin,Martin,Phoenix,Benjamin Martin
P337,Alexander,Taylor,Las Vegas,Alexander Taylor
P338,Evelyn,Martinez,Houston,Evelyn Martinez
P339,Mia,Williams,Los Angeles,Mia Williams
P340,James,Moore,Portland,James Moore
P341,Liam,Moore,Atlanta,Liam Moore
P342,Isabella,Taylor,Miami,Isabella Taylor
P343,Emma,Williams,Denver,Emma Williams
P344,Amelia,Williams,Seattle,Amelia Williams
P345,Noah,Garcia,Philadelphia,Noah Garcia
P346,Noah,Gonzalez,Houston,Noah Gonzalez
P347,Isabella,Anderson,Las Vegas,Isabella Anderson
P348,Charlotte,Rodriguez,Denver,Charlotte Rodriguez
P349,Sophia,Brown,Houston,Sophia Brown
P350,Mia,Wilson,Atlanta,Mia Wilson
P351,Oliver,Jones,New York,Oliver Jones
P352,Alexander,Johnson,Portland,Alexander Johnson
P353,James,Hernandez,Atlanta,James Hernandez
P354,Ava,Rodriguez,Boston,Ava Rodriguez
P355,Amelia,Williams,Austin,Amelia Williams
P356,Alexander,Rodriguez,Denver,Alexander Rodriguez
P357,William,Williams,New York,William Williams
P358,Oliver,Johnson,Atlanta,Oliver Johnson
P359,Lucas,Lopez,Philadelphia,Lucas Lopez
P360,Evelyn,Martinez,Houston,Evelyn Martinez
P361,Henry,Rodriguez,Las Vegas,Henry Rodriguez
P362,Benjamin,Anderson,Boston,Benjamin Anderson
P363,Henry,Davis,Boston,Henry Davis
P364,Isabella,Jones,Philadelphia,Isabella Jones
P365,Harper,Hernandez,Boston,Harper Hernandez
P366,Noah,Johnson,Miami,Noah Johnson
P367,Emma,Anderson,Austin,Emma Anderson
P368,Emma,Garcia,San Antonio,Emma Garcia
P369,James,Davis,Dallas,James Davis
P370,Olivia,Jones,Las Vegas,Olivia Jones
P371,William,Thomas,Phoenix,William Thomas
P372,Amelia,Moore,San Jose,Amelia Moore
P373,Oliver,Garcia,Portland,Oliver Garcia
P374,Emma,Jones,Chicago,Emma Jones
P375,William,Thomas,Denver,William Thomas
P376,Charlotte,Gonzalez,Austin,Charlotte Gonzalez
P377,Isabella,Jones,Atlanta,Isabella Jones
P378,Ava,Gonzalez,Denver,Ava Gonzalez
P379,Noah,Taylor,Philadelphia,Noah Taylor
P380,William,Moore,Atlanta,William Moore
P381,Henry,Davis,Denver,Henry Davis
P382,Isabella,Gonzalez,San Jose,Isabella Gonzalez
P383,Elijah,Jackson,Chicago,Elijah Jackson
P384,Isabella,Williams,Miami,Isabella Williams
P385,James,Davis,Phoenix,James Davis
P386,Benjamin,Johnson,Phoenix,Benjamin Johnson
P387,Elijah,Davis,Atlanta,Elijah Davis
P388,Alexander,Gonzalez,San Jose,Alexander Gonzalez
P389,Isabella,Gonzalez,Phoenix,Isabella Gonzalez
P390,Noah,Smith,Houston,Noah Smith
P391,William,Garcia,Philadelphia,William Garcia
P392,William,Jackson,Houston,William Jackson
P393,Charlotte,Thomas,San Antonio,Charlotte Thomas
P394,Sophia,Davis,San Antonio,Sophia Davis
P395,Emma,Smith,Portland,Emma Smith
P396,Isabella,Thomas,Chicago,Isabella Thomas
P397,Evelyn,Rodriguez,New York,Evelyn Rodriguez
P398,Isabella,Gonzalez,Houston,Isabella Gonzalez
P399,Sophia,Hernandez,Philadelphia,Sophia Hernandez
P400,Olivia,Gonzalez,Dallas,Olivia Gonzalez
P401,Alexander,Martinez,Miami,Alexander Martinez
P402,Evelyn,Brown,Seattle,Evelyn Brown
P403,Henry,Garcia,Houston,Henry Garcia
P404,Emma,Miller,Seattle,Emma Miller
P405,Isabella,Jones,San Jose,Isabella Jones
P406,Oliver,Hernandez,San Antonio,Oliver Hernandez
P407,Sophia,Gonzalez,Chicago,Sophia Gonzalez
P408,William,Jackson,Miami,William Jackson
P409,William,Martinez,San Jose,William Martinez
P410,Olivia,Martinez,Las Vegas,Olivia Martinez
P411,Benjamin,Hernandez,Las Vegas,Benjamin Hernandez
P412,Alexander,Miller,San Jose,Alexander Miller
P413,Noah,Moore,Denver,Noah Moore
P414,Lucas,Brown,Philadelphia,Lucas Brown
P415,Ava,Johnson,Seattle,Ava Johnson
P416,Emma,Wilson,Dallas,Emma Wilson
P417,Emma,Gonzalez,Denver,Emma Gonzalez
P418,Henry,Lopez,Houston,Henry Lopez
P419,Liam,Miller,Austin,Liam Miller
P420,Isabella,Johnson,Portland,Isabella Johnson
P421,Noah,Gonzalez,Austin,Noah Gonzalez
P422,Ava,Wilson,Houston,Ava Wilson
P423,Emma,Taylor,Portland,Emma Taylor
P424,Emma,Rodriguez,New York,Emma Rodriguez
P425,Amelia,Taylor,San Antonio,Amelia Taylor
P426,Evelyn,Davis,Philadelphia,Evelyn Davis
P427,Liam,Johnson,Boston,Liam Johnson
P428,Noah,Gonzalez,Portland,Noah Gonzalez
P429,Oliver,Williams,Austin,Oliver Williams
P430,Noah,Thomas,Boston,Noah Thomas
P431,Elijah,Garcia,Las Vegas,Elijah Garcia
P432,Olivia,Jackson,San Antonio,Olivia Jackson
P433,Henry,Miller,San Jose,Henry Miller
P434,Lucas,Martinez,Seattle,Lucas Martinez
P435,Ava,Rodriguez,Miami,Ava Rodriguez
P436,Benjamin,Johnson,Phoenix,Benjamin Johnson
P437,Amelia,Anderson,Portland,Amelia Anderson
P438,Evelyn,Jones,Phoenix,Evelyn Jones
P439,Olivia,Brown,Chicago,Olivia Brown
P440,Henry,Martin,Phoenix,Henry Martin
P441,Harper,Brown,Atlanta,Harper Brown
P442,Charlotte,Moore,Seattle,Charlotte Moore
P443,Sophia,Brown,Dallas,Sophia Brown
P444,Lucas,Taylor,New York,Lucas Taylor
P445,Oliver,Lopez,Portland,Oliver Lopez
P446,Liam,Taylor,Houston,Liam Taylor
P447,Sophia,Martinez,San Jose,Sophia Martinez
P448,Sophia,Smith,San Antonio,Sophia Smith
P449,Evelyn,Moore,New York,Evelyn Moore
P450,Isabella,Moore,Atlanta,Isabella Moore
P451,Harper,Wilson,Los Angeles,Harper Wilson
P452,Ava,Anderson,Austin,Ava Anderson
P453,Benjamin,Lopez,Dallas,Benjamin Lopez
P454,Ava,Brown,San Antonio,Ava Brown
P455,William,Williams,Atlanta,William Williams
P456,Sophia,Martin,Atlanta,Sophia Martin
P457,Lucas,Lopez,Los Angeles,Lucas Lopez
P458,Benjamin,Miller,Philadelphia,Benjamin Miller
P459,Charlotte,Hernandez,Miami,Charlotte Hernandez
P460,Isabella,Smith,Philadelphia,Isabella Smith
P461,Noah,Garcia,Los Angeles,Noah Garcia
P462,Benjamin,Anderson,New York,Benjamin Anderson
P463,Oliver,Anderson,San Jose,Oliver Anderson
P464,Ava,Jackson,Phoenix,Ava Jackson
P465,Harper,Hernandez,Los Angeles,Harper Hernandez
P466,Benjamin,Johnson,Las Vegas,Benjamin Johnson
P467,Benjamin,Wilson,Los Angeles,Benjamin Wilson
P468,Alexander,Johnson,San Jose,Alexander Johnson
P469,William,Brown,Los Angeles,William Brown
P470,Oliver,Taylor,Las Vegas,Oliver Taylor
P471,Henry,Williams,Las Vegas,Henry Williams
P472,Benjamin,Gonzalez,San Antonio,Benjamin Gonzalez
P473,Sophia,Rodriguez,Seattle,Sophia Rodriguez
P474,Noah,Miller,Boston,Noah Miller
P475,Harper,Anderson,San Diego,Harper Anderson
P476,Henry,Hernandez,Philadelphia,Henry Hernandez
P477,Noah,Martin,San Jose,Noah Martin
P478,Harper,Johnson,Chicago,Harper Johnson
P479,Charlotte,Anderson,Atlanta,Charlotte Anderson
P480,Elijah,Wilson,San Antonio,Elijah Wilson
P481,Alexander,Martin,Houston,Alexander Martin
P482,Henry,Hernandez,Miami,Henry Hernandez
P483,James,Williams,Boston,James Williams
P484,William,Taylor,San Diego,William Taylor
P485,Isabella,Lopez,Boston,Isabella Lopez
P486,Ava,Anderson,Miami,Ava Anderson
P487,Noah,Thomas,Dallas,Noah Thomas
P488,Alexander,Jones,San Diego,Alexander Jones
P489,Sophia,Martin,Atlanta,Sophia Martin
P490,William,Garcia,Los Angeles,William Garcia
P491,Charlotte,Jackson,Chicago,Charlotte Jackson
P492,Oliver,Jones,San Diego,Oliver Jones
P493,Evelyn,Williams,Seattle,Evelyn Williams
P494,Charlotte,Smith,New York,Charlotte Smith
P495,Elijah,Garcia,San Jose,Elijah Garcia
P496,Isabella,Anderson,Chicago,Isabella Anderson
P497,Ava,Johnson,Philadelphia,Ava Johnson
P498,Liam,Williams,San Antonio,Liam Williams
P499,Liam,Taylor,Portland,Liam Taylor
P500,Lucas,Lopez,Austin,Lucas Lopez
P501,James,Moore,Phoenix,James Moore
P502,Noah,Anderson,Austin,Noah Anderson
P503,Harper,Lopez,Seattle,Harper Lopez
P504,Evelyn,Thomas,San Jose,Evelyn Thomas
P505,Noah,Davis,San Diego,Noah Davis
P506,Benjamin,Wilson,Dallas,Benjamin Wilson
P507,Mia,Taylor,Houston,Mia Taylor
P508,Charlotte,Davis,Phoenix,Charlotte Davis
P509,Elijah,Anderson,San Diego,Elijah Anderson
P510,Oliver,Wilson,Dallas,Oliver Wilson
P511,Amelia,Moore,Boston,Amelia Moore
P512,Evelyn,Martin,Boston,Evelyn Martin
P513,Harper,Miller,Las Vegas,Harper Miller
P514,Lucas,Williams,Miami,Lucas Williams
P515,Olivia,Lopez,San Diego,Olivia Lopez
P516,Isabella,Williams,Portland,Isabella Williams
P517,Isabella,Martin,San Jose,Isabella Martin
P518,Mia,Wilson,Philadelphia,Mia Wilson
P519,Henry,Anderson,Seattle,Henry Anderson
P520,Amelia,Wilson,Los Angeles,Amelia Wilson
P521,William,Miller,San Antonio,William Miller
P522,Oliver,Taylor,Las Vegas,Oliver Taylor
P523,Emma,Lopez,Chicago,Emma Lopez
P524,Alexander,Martin,Denver,Alexander Martin
P525,Benjamin,Brown,Chicago,Benjamin Brown
P526,Charlotte,Rodriguez,Portland,Charlotte Rodriguez
P527,Oliver,Garcia,Austin,Oliver Garcia
P528,Sophia,Thomas,San Diego,Sophia Thomas
P529,Sophia,Johnson,Philadelphia,Sophia Johnson
P530,Mia,Davis,New York,Mia Davis
P531,Henry,Hernandez,New York,Henry Hernandez
P532,Noah,Gonzalez,San Diego,Noah Gonzalez
P533,Charlotte,Taylor,Phoenix,Charlotte Taylor
P534,Evelyn,Davis,Las Vegas,Evelyn Davis
P535,Henry,Moore,Austin,Henry Moore
P536,Charlotte,Moore,Phoenix,Charlotte Moore
P537,Ava,Wilson,Houston,Ava Wilson
P538,Oliver,Anderson,Philadelphia,Oliver Anderson
P539,Oliver,Garcia,Miami,Oliver Garcia
P540,Lucas,Hernandez,Dallas,Lucas Hernandez
P541,Alexander,Gonzalez,Seattle,Alexander Gonzalez
P542,Amelia,Smith,Austin,Amelia Smith
P543,Harper,Garcia,Miami,Harper Garcia
P544,Charlotte,Rodriguez,Las Vegas,Charlotte Rodriguez
P545,Emma,Davis,New York,Emma Davis
P546,Ava,Hernandez,Denver,Ava Hernandez
P547,Oliver,Jackson,Denver,Oliver Jackson
P548,Benjamin,Rodriguez,Los Angeles,Benjamin Rodriguez
P549,Emma,Taylor,Houston,Emma Taylor
P550,Mia,Lopez,Philadelphia,Mia Lopez
P551,Mia,Wilson,Phoenix,Mia Wilson
P552,Noah,Anderson,Chicago,Noah Anderson
P553,Oliver,Thomas,New York,Oliver Thomas
P554,Oliver,Martin,Houston,Oliver Martin
P555,James,Smith,Los Angeles,James Smith
P556,William,Martinez,Phoenix,William Martinez
P557,Liam,Davis,Chicago,Liam Davis
P558,Isabella,Moore,Dallas,Isabella Moore
P559,Sophia,Smith,Philadelphia,Sophia Smith
P560,Ava,Johnson,Portland,Ava Johnson
P561,Henry,Smith,Philadelphia,Henry Smith
P562,Alexander,Smith,Seattle,Alexander Smith
P563,Lucas,Rodriguez,Austin,Lucas Rodriguez
P564,James,Gonzalez,Los Angeles,James Gonzalez
P565,Harper,Smith,Boston,Harper Smith
P566,Benjamin,Gonzalez,Seattle,Benjamin Gonzalez
P567,Elijah,Martin,Seattle,Elijah Martin
P568,James,Miller,Dallas,James Miller
P569,Emma,Johnson,Los Angeles,Emma Johnson
P570,Ava,Garcia,Chicago,Ava Garcia
P571,William,Miller,Seattle,William Miller
P572,Liam,Wilson,Las Vegas,Liam Wilson
P573,Noah,Moore,New York,Noah Moore
P574,Evelyn,Anderson,Chicago,Evelyn Anderson
P575,William,Johnson,Los Angeles,William Johnson
P576,Amelia,Martinez,Dallas,Amelia Martinez
P577,Mia,Lopez,Boston,Mia Lopez
P578,Noah,Taylor,Portland,Noah Taylor
P579,Amelia,Davis,Austin,Amelia Davis
P580,Sophia,Hernandez,Las Vegas,Sophia Hernandez
P581,Amelia,Williams,Atlanta,Amelia Williams
P582,Lucas,Garcia,Phoenix,Lucas Garcia
P583,Isabella,Rodriguez,Seattle,Isabella Rodriguez
P584,Harper,Garcia,Austin,Harper Garcia
P585,Sophia,Rodriguez,Boston,Sophia Rodriguez
P586,Benjamin,Miller,Chicago,Benjamin Miller
P587,Harper,Rodriguez,New York,Harper Rodriguez
P588,Emma,Moore,Las Vegas,Emma Moore
P589,Alexander,Lopez,Los Angeles,Alexander Lopez
P590,Oliver,Davis,Los Angeles,Oliver Davis
P591,William,Davis,Chicago,William Davis
P592,Oliver,Moore,San Diego,Oliver Moore
P593,Elijah,Martin,Boston,Elijah Martin
P594,Ava,Anderson,San Antonio,Ava Anderson
P595,Mia,Miller,Philadelphia,Mia Miller
P596,Lucas,Hernandez,Dallas,Lucas Hernandez
P597,Henry,Martin,New York,Henry Martin
P598,Isabella,Thomas,San Diego,Isabella Thomas
P599,James,Brown,Chicago,James Brown
P600,Olivia,Garcia,Houston,Olivia Garcia
P601,Evelyn,Williams,Boston,Evelyn Williams
P602,Lucas,Rodriguez,Philadelphia,Lucas Rodriguez
P603,Oliver,Martinez,Boston,Oliver Martinez
P604,Isabella,Wilson,Chicago,Isabella Wilson
P605,Emma,Hernandez,Miami,Emma Hernandez
P606,Emma,Moore,Miami,Emma Moore
P607,Lucas,Lopez,Houston,Lucas Lopez
P608,James,Lopez,Seattle,James Lopez
P609,Benjamin,Gonzalez,Atlanta,Benjamin Gonzalez
P610,Liam,Gonzalez,San Antonio,Liam Gonzalez
P611,Benjamin,Jackson,Dallas,Benjamin Jackson
P612,Oliver,Jackson,Chicago,Oliver Jackson
P613,Emma,Wilson,Denver,Emma Wilson
P614,Olivia,Brown,Boston,Olivia Brown
P615,Harper,Gonzalez,Portland,Harper Gonzalez
P616,Ava,Davis,New York,Ava Davis
P617,Emma,Jackson,Philadelphia,Emma Jackson
P618,William,Lopez,Los Angeles,William Lopez
P619,Mia,Moore,Miami,Mia Moore
P620,Benjamin,Garcia,Philadelphia,Benjamin Garcia
P621,Isabella,Moore,Miami,Isabella Moore
P622,Isabella,Jackson,Houston,Isabella Jackson
P623,Mia,Jones,San Diego,Mia Jones
P624,Ava,Rodriguez,Chicago,Ava Rodriguez
P625,Isabella,Williams,Miami,Isabella Williams
P626,Isabella,Martinez,Atlanta,Isabella Martinez
P627,Evelyn,Jackson,San Diego,Evelyn Jackson
P628,Evelyn,Williams,Miami,Evelyn Williams
P629,Henry,Anderson,Philadelphia,Henry Anderson
P630,Benjamin,Smith,Las Vegas,Benjamin Smith
P631,Elijah,Miller,Miami,Elijah Miller
P632,Harper,Lopez,Chicago,Harper Lopez
P633,Elijah,Taylor,San Jose,Elijah Taylor
P634,Emma,Martin,Dallas,Emma Martin
P635,Henry,Jones,Denver,Henry Jones
P636,Oliver,Brown,San Antonio,Oliver Brown
P637,Oliver,Lopez,Miami,Oliver Lopez
P638,Sophia,Martin,Dallas,Sophia Martin
P639,Emma,Moore,Boston,Emma Moore
P640,Benjamin,Taylor,Miami,Benjamin Taylor
P641,Amelia,Jackson,Philadelphia,Amelia Jackson
P642,Olivia,Rodriguez,Houston,Olivia Rodriguez
P643,Amelia,Brown,San Diego,Amelia Brown
P644,Charlotte,Johnson,Atlanta,Charlotte Johnson
P645,Olivia,Brown,Dallas,Olivia Brown
P646,Ava,Johnson,New York,Ava Johnson
P647,Lucas,Anderson,Miami,Lucas Anderson
P648,Noah,Johnson,Austin,Noah Johnson
P649,Emma,Brown,Chicago,Emma Brown
P650,Noah,Garcia,Dallas,Noah Garcia
P651,Isabella,Miller,Miami,Isabella Miller
P652,Benjamin,Martinez,Dallas,Benjamin Martinez
P653,William,Jackson,Houston,William Jackson
P654,James,Jackson,Houston,James Jackson
P655,James,Lopez,San Diego,James Lopez
P656,Isabella,Williams,Los Angeles,Isabella Williams
P657,Elijah,Gonzalez,Dallas,Elijah Gonzalez
P658,Olivia,Moore,Miami,Olivia Moore
P659,Liam,Davis,Dallas,Liam Davis
P660,Henry,Anderson,Las Vegas,Henry Anderson
P661,Charlotte,Smith,Atlanta,Charlotte Smith
P662,Mia,Williams,Las Vegas,Mia Williams
P663,Olivia,Davis,Seattle,Olivia Davis
P664,Mia,Brown,Chicago,Mia Brown
P665,Lucas,Thomas,Austin,Lucas Thomas
P666,Olivia,Martinez,Miami,Olivia Martinez
P667,Lucas,Lopez,Portland,Lucas Lopez
P668,James,Wilson,Phoenix,James Wilson
P669,Henry,Wilson,Las Vegas,Henry Wilson
P670,Olivia,Johnson,Phoenix,Olivia Johnson
P671,Alexander,Jones,Chicago,Alexander Jones
P672,Mia,Jones,Seattle,Mia Jones
P673,Emma,Garcia,New York,Emma Garcia
P674,James,Gonzalez,Dallas,James Gonzalez
P675,Evelyn,Rodriguez,Dallas,Evelyn Rodriguez
P676,Henry,Anderson,Houston,Henry Anderson
P677,Benjamin,Wilson,Chicago,Benjamin Wilson
P678,Isabella,Miller,Atlanta,Isabella Miller
P679,Sophia,Martin,Los Angeles,Sophia Martin
P680,Evelyn,Johnson,New York,Evelyn Johnson
P681,Benjamin,Miller,San Diego,Benjamin Miller
P682,Evelyn,Garcia,Denver,Evelyn Garcia
P683,Benjamin,Taylor,Boston,Benjamin Taylor
P684,Alexander,Johnson,San Diego,Alexander Johnson
P685,Isabella,Williams,Seattle,Isabella Williams
P686,Olivia,Jones,Seattle,Olivia Jones
P687,Mia,Jones,Miami,Mia Jones
P688,Olivia,Smith,Boston,Olivia Smith
P689,Oliver,Davis,Boston,Oliver Davis
P690,Liam,Lopez,Dallas,Liam Lopez
P691,Liam,Brown,San Diego,Liam Brown
P692,William,Gonzalez,Philadelphia,William Gonzalez
P693,Liam,Anderson,Houston,Liam Anderson
P694,Henry,Hernandez,San Antonio,Henry Hernandez
P695,James,Martinez,Houston,James Martinez
P696,William,Williams,Seattle,William Williams
P697,Liam,Wilson,Denver,Liam Wilson
P698,William,Thomas,Chicago,William Thomas
P699,Amelia,Martinez,Seattle,Amelia Martinez
P700,Sophia,Martinez,Los Angeles,Sophia Martinez
P701,Amelia,Lopez,Los Angeles,Amelia Lopez
P702,Sophia,Rodriguez,Dallas,Sophia Rodriguez
P703,Ava,Smith,New York,Ava Smith
P704,Ava,Jones,San Diego,Ava Jones
P705,Lucas,Martin,Philadelphia,Lucas Martin
P706,Henry,Davis,Philadelphia,Henry Davis
P707,Henry,Hernandez,Portland,Henry Hernandez
P708,Isabella,Lopez,Atlanta,Isabella Lopez
P709,Lucas,Smith,Seattle,Lucas Smith
P710,Evelyn,Martin,Philadelphia,Evelyn Martin
P711,Mia,Hernandez,San Diego,Mia Hernandez
P712,Emma,Jones,San Jose,Emma Jones
P713,Isabella,Anderson,New York,Isabella Anderson
P714,Harper,Jones,Denver,Harper Jones
P715,Noah,Lopez,Atlanta,Noah Lopez
P716,Elijah,Jones,Chicago,Elijah Jones
P717,Olivia,Taylor,San Diego,Olivia Taylor
P718,Benjamin,Taylor,Miami,Benjamin Taylor
P719,Elijah,Lopez,Chicago,Elijah Lopez
P720,Oliver,Anderson,Las Vegas,Oliver Anderson
P721,Harper,Anderson,Denver,Harper Anderson
P722,James,Garcia,Atlanta,James Garcia
P723,James,Lopez,Denver,James Lopez
P724,Liam,Martin,Philadelphia,Liam Martin
P725,William,Moore,Atlanta,William Moore
P726,Benjamin,Wilson,Miami,Benjamin Wilson
P727,Sophia,Johnson,Atlanta,Sophia Johnson
P728,Emma,Rodriguez,San Diego,Emma Rodriguez
P729,Amelia,Jones,Austin,Amelia Jones
P730,Benjamin,Martin,New York,Benjamin Martin
P731,Ava,Smith,San Antonio,Ava Smith
P732,Alexander,Williams,Atlanta,Alexander Williams
P733,James,Garcia,San Jose,James Garcia
P734,James,Jones,Austin,James Jones
P735,Elijah,Jones,Dallas,Elijah Jones
P736,Elijah,Smith,Dallas,Elijah Smith
P737,Olivia,Taylor,Phoenix,Olivia Taylor
P738,Oliver,Jackson,Atlanta,Oliver Jackson
P739,Elijah,Wilson,Dallas,Elijah Wilson
P740,Henry,Lopez,Atlanta,Henry Lopez
P741,Charlotte,Martinez,San Antonio,Charlotte Martinez
P742,Ava,Martin,Dallas,Ava Martin
P743,James,Moore,San Antonio,James Moore
P744,Elijah,Hernandez,Denver,Elijah Hernandez
P745,Liam,Johnson,Austin,Liam Johnson
P746,James,Moore,Miami,James Moore
P747,Oliver,Miller,Austin,Oliver Miller
P748,Lucas,Anderson,Denver,Lucas Anderson
P749,Mia,Hernandez,Miami,Mia Hernandez
P750,Ava,Moore,Denver,Ava Moore
P751,Henry,Lopez,New York,Henry Lopez
P752,James,Garcia,San Diego,James Garcia
P753,Isabella,Martin,Seattle,Isabella Martin
P754,Evelyn,Gonzalez,Seattle,Evelyn Gonzalez
P755,Charlotte,Martin,San Diego,Charlotte Martin
P756,Benjamin,Thomas,San Diego,Benjamin Thomas
P757,Charlotte,Moore,Denver,Charlotte Moore
P758,Noah,Martinez,Seattle,Noah Martinez
P759,Benjamin,Davis,Las Vegas,Benjamin Davis
P760,Oliver,Moore,New York,Oliver Moore
P761,Alexander,Smith,Denver,Alexander Smith
P762,Sophia,Davis,San Antonio,Sophia Davis
P763,Evelyn,Garcia,Phoenix,Evelyn Garcia
P764,Ava,Jones,San Diego,Ava Jones
P765,Harper,Anderson,Miami,Harper Anderson
P766,Oliver,Anderson,Denver,Oliver Anderson
P767,Lucas,Johnson,Boston,Lucas Johnson
P768,James,Smith,Atlanta,James Smith
P769,Sophia,Hernandez,Boston,Sophia Hernandez
P770,James,Martinez,Portland,James Martinez
P771,Olivia,Moore,Portland,Olivia Moore
P772,James,Moore,Los Angeles,James Moore
P773,Amelia,Taylor,Houston,Amelia Taylor
P774,Amelia,Davis,New York,Amelia Davis
P775,Benjamin,Anderson,Houston,Benjamin Anderson
P776,Noah,Davis,Portland,Noah Davis
P777,Henry,Taylor,Phoenix,Henry Taylor
P778,Evelyn,Lopez,Boston,Evelyn Lopez
P779,Harper,Davis,San Diego,Harper Davis
P780,Isabella,Wilson,Atlanta,Isabella Wilson
P781,Mia,Brown,New York,Mia Brown
P782,Alexander,Smith,Seattle,Alexander Smith
P783,Olivia,Smith,Boston,Olivia Smith
P784,Oliver,Jackson,Dallas,Oliver Jackson
P785,Mia,Thomas,San Antonio,Mia Thomas
P786,Isabella,Wilson,Los Angeles,Isabella Wilson
P787,Emma,Thomas,Dallas,Emma Thomas
P788,Mia,Jones,San Jose,Mia Jones
P789,Mia,Rodriguez,Los Angeles,Mia Rodriguez
P790,William,Johnson,Austin,William Johnson
P791,Sophia,Moore,Denver,Sophia Moore
P792,Liam,Garcia,San Jose,Liam Garcia
P793,Harper,Rodriguez,Miami,Harper Rodriguez
P794,Ava,Smith,Portland,Ava Smith
P795,Henry,Rodriguez,Dallas,Henry Rodriguez
P796,Amelia,Thomas,San Antonio,Amelia Thomas
P797,Isabella,Gonzalez,Chicago,Isabella Gonzalez
P798,Sophia,Rodriguez,Philadelphia,Sophia Rodriguez
P799,Mia,Gonzalez,Los Angeles,Mia Gonzalez
P800,Olivia,Rodriguez,Philadelphia,Olivia Rodriguez
P801,Alexander,Hernandez,Chicago,Alexander Hernandez
P802,Liam,Brown,Las Vegas,Liam Brown
P803,Sophia,Johnson,San Diego,Sophia Johnson
P804,James,Garcia,Los Angeles,James Garcia
P805,Mia,Wilson,Atlanta,Mia Wilson
P806,Benjamin,Brown,Dallas,Benjamin Brown
P807,Mia,Garcia,Seattle,Mia Garcia
P808,Henry,Jackson,Chicago,Henry Jackson
P809,Olivia,Garcia,Austin,Olivia Garcia
P810,James,Johnson,New York,James Johnson
P811,Liam,Moore,Denver,Liam Moore
P812,Amelia,Gonzalez,Boston,Amelia Gonzalez
P813,Henry,Rodriguez,Phoenix,Henry Rodriguez
P814,Oliver,Jackson,Atlanta,Oliver Jackson
P815,Noah,Gonzalez,Philadelphia,Noah Gonzalez
P816,Isabella,Hernandez,Austin,Isabella Hernandez
P817,Mia,Smith,Portland,Mia Smith
P818,Sophia,Miller,Houston,Sophia Miller
P819,Henry,Anderson,Chicago,Henry Anderson
P820,Alexander,Smith,Denver,Alexander Smith
P821,Emma,Lopez,Dallas,Emma Lopez
P822,Alexander,Miller,Philadelphia,Alexander Miller
P823,Benjamin,Anderson,Seattle,Benjamin Anderson
P824,Noah,Jackson,Los Angeles,Noah Jackson
P825,James,Smith,Chicago,James Smith
P826,Emma,Taylor,Chicago,Emma Taylor
P827,Elijah,Taylor,Seattle,Elijah Taylor
P828,Mia,Williams,Boston,Mia Williams
P829,Isabella,Lopez,Dallas,Isabella Lopez
P830,Liam,Garcia,San Diego,Liam Garcia
P831,Sophia,Hernandez,Austin,Sophia Hernandez
P832,Oliver,Williams,Las Vegas,Oliver Williams
P833,Liam,Davis,Houston,Liam Davis
P834,Ava,Wilson,New York,Ava Wilson
P835,Emma,Wilson,San Antonio,Emma Wilson
P836,Mia,Martinez,Los Angeles,Mia Martinez
P837,Lucas,Johnson,Phoenix,Lucas Johnson
P838,Evelyn,Wilson,San Antonio,Evelyn Wilson
P839,Isabella,Rodriguez,Houston,Isabella Rodriguez
P840,Evelyn,Williams,Phoenix,Evelyn Williams
P841,Noah,Davis,New York,Noah Davis
P842,Olivia,Thomas,New York,Olivia Thomas
P843,Oliver,Johnson,Boston,Oliver Johnson
P844,Amelia,Garcia,San Jose,Amelia Garcia
P845,Olivia,Lopez,Portland,Olivia Lopez
P846,Alexander,Jones,Chicago,Alexander Jones
P847,Emma,Johnson,Austin,Emma Johnson
P848,Isabella,Thomas,Boston,Isabella Thomas
P849,Harper,Jones,Austin,Harper Jones
P850,Benjamin,Anderson,Atlanta,Benjamin Anderson
P851,Harper,Lopez,Atlanta,Harper Lopez
P852,Liam,Brown,Philadelphia,Liam Brown
P853,James,Anderson,Phoenix,James Anderson
P854,Mia,Hernandez,San Diego,Mia Hernandez
P855,Ava,Thomas,Los Angeles,Ava Thomas
P856,Benjamin,Garcia,Las Vegas,Benjamin Garcia
P857,Isabella,Wilson,Seattle,Isabella Wilson
P858,Noah,Moore,Philadelphia,Noah Moore
P859,Lucas,Lopez,New York,Lucas Lopez
P860,Elijah,Hernandez,Houston,Elijah Hernandez
P861,Liam,Gonzalez,Atlanta,Liam Gonzalez
P862,Harper,Hernandez,Denver,Harper Hernandez
P863,Olivia,Thomas,Portland,Olivia Thomas
P864,Noah,Anderson,Phoenix,Noah Anderson
P865,Ava,Anderson,Chicago,Ava Anderson
P866,Ava,Brown,Austin,Ava Brown
P867,Emma,Hernandez,Denver,Emma Hernandez
P868,Amelia,Jackson,Houston,Amelia Jackson
P869,Amelia,Anderson,Miami,Amelia Anderson
P870,Liam,Brown,Austin,Liam Brown
P871,Harper,Gonzalez,San Jose,Harper Gonzalez
P872,Isabella,Jackson,Portland,Isabella Jackson
P873,Elijah,Johnson,Philadelphia,Elijah Johnson
P874,Ava,Wilson,Boston,Ava Wilson
P875,Isabella,Brown,San Jose,Isabella Brown
P876,Isabella,Thomas,Phoenix,Isabella Thomas
P877,Henry,Martin,Phoenix,Henry Martin
P878,Elijah,Wilson,San Jose,Elijah Wilson
P879,Sophia,Anderson,Phoenix,Sophia Anderson
P880,Oliver,Williams,Chicago,Oliver Williams
P881,Evelyn,Davis,Philadelphia,Evelyn Davis
P882,Lucas,Thomas,Houston,Lucas Thomas
P883,Amelia,Martinez,Portland,Amelia Martinez
P884,Amelia,Brown,Dallas,Amelia Brown
P885,Charlotte,Moore,Atlanta,Charlotte Moore
P886,Amelia,Johnson,Denver,Amelia Johnson
P887,Elijah,Taylor,Boston,Elijah Taylor
P888,Henry,Gonzalez,Atlanta,Henry Gonzalez
P889,Mia,Brown,Denver,Mia Brown
P890,Emma,Hernandez,Las Vegas,Emma Hernandez
P891,James,Miller,Houston,James Miller
P892,Emma,Lopez,Phoenix,Emma Lopez
P893,Benjamin,Martinez,Phoenix,Benjamin Martinez
P894,Emma,Miller,Dallas,Emma Miller
P895,James,Gonzalez,Atlanta,James Gonzalez
P896,Olivia,Miller,Denver,Olivia Miller
P897,Elijah,Taylor,Los Angeles,Elijah Taylor
P898,Amelia,Martinez,Denver,Amelia Martinez
P899,Amelia,Martinez,Chicago,Amelia Martinez
P900,Henry,Brown,San Jose,Henry Brown
P901,Charlotte,Martin,Los Angeles,Charlotte Martin
P902,Henry,Brown,Denver,Henry Brown
P903,Mia,Miller,Atlanta,Mia Miller
P904,Mia,Smith,Miami,Mia Smith
P905,Ava,Lopez,Seattle,Ava Lopez
P906,Charlotte,Gonzalez,Seattle,Charlotte Gonzalez
P907,Henry,Martinez,Austin,Henry Martinez
P908,Amelia,Anderson,San Antonio,Amelia Anderson
P909,Evelyn,Gonzalez,Houston,Evelyn Gonzalez
P910,Alexander,Rodriguez,New York,Alexander Rodriguez
P911,James,Rodriguez,Chicago,James Rodriguez
P912,James,Anderson,Denver,James Anderson
P913,Emma,Martinez,Boston,Emma Martinez
P914,Alexander,Martinez,Los Angeles,Alexander Martinez
P915,Charlotte,Davis,Austin,Charlotte Davis
P916,Sophia,Thomas,Houston,Sophia Thomas
P917,Mia,Taylor,Atlanta,Mia Taylor
P918,Emma,Jones,Chicago,Emma Jones
P919,Isabella,Brown,Portland,Isabella Brown
P920,Emma,Moore,San Diego,Emma Moore
P921,Sophia,Jackson,Phoenix,Sophia Jackson
P922,Olivia,Brown,San Antonio,Olivia Brown
P923,Evelyn,Miller,San Diego,Evelyn Miller
P924,Isabella,Martinez,Phoenix,Isabella Martinez
P925,Evelyn,Moore,Atlanta,Evelyn Moore
P926,Emma,Jackson,Phoenix,Emma Jackson
P927,Mia,Brown,Houston,Mia Brown
P928,Oliver,Martinez,Los Angeles,Oliver Martinez
P929,James,Smith,Austin,James Smith
P930,Sophia,Moore,Denver,Sophia Moore
P931,Oliver,Jones,Boston,Oliver Jones
P932,Alexander,Anderson,Seattle,Alexander Anderson
P933,James,Taylor,Austin,James Taylor
P934,Amelia,Williams,San Antonio,Amelia Williams
P935,Isabella,Lopez,Phoenix,Isabella Lopez
P936,James,Johnson,Atlanta,James Johnson
P937,Sophia,Smith,Dallas,Sophia Smith
P938,Noah,Taylor,Miami,Noah Taylor
P939,Oliver,Thomas,Seattle,Oliver Thomas
P940,Olivia,Jones,Philadelphia,Olivia Jones
P941,Henry,Anderson,Atlanta,Henry Anderson
P942,Henry,Williams,Las Vegas,Henry Williams
P943,Sophia,Miller,Seattle,Sophia Miller
P944,Sophia,Hernandez,Seattle,Sophia Hernandez
P945,Liam,Martinez,Philadelphia,Liam Martinez
P946,Isabella,Rodriguez,Houston,Isabella Rodriguez
P947,Alexander,Wilson,Philadelphia,Alexander Wilson
P948,Liam,Gonzalez,Austin,Liam Gonzalez
P949,Evelyn,Johnson,New York,Evelyn Johnson
P950,Amelia,Williams,Boston,Amelia Williams
P951,Mia,Miller,Austin,Mia Miller
P952,Mia,Moore,Portland,Mia Moore
P953,Amelia,Williams,Atlanta,Amelia Williams
P954,James,Martinez,Miami,James Martinez
P955,Elijah,Miller,Portland,Elijah Miller
P956,Liam,Rodriguez,Boston,Liam Rodriguez
P957,Noah,Taylor,Boston,Noah Taylor
P958,Oliver,Hernandez,Houston,Oliver Hernandez
P959,Amelia,Miller,San Antonio,Amelia Miller
P960,Lucas,Wilson,Denver,Lucas Wilson
P961,Emma,Jackson,Chicago,Emma Jackson
P962,James,Brown,Las Vegas,James Brown
P963,Amelia,Garcia,Dallas,Amelia Garcia
P964,Liam,Martinez,San Diego,Liam Martinez
P965,Noah,Miller,Denver,Noah Miller
P966,Noah,Gonzalez,Atlanta,Noah Gonzalez
P967,Sophia,Wilson,Atlanta,Sophia Wilson
P968,William,Brown,Atlanta,William Brown
P969,Sophia,Davis,New York,Sophia Davis
P970,Isabella,Jones,San Diego,Isabella Jones
P971,Isabella,Smith,Philadelphia,Isabella Smith
P972,Amelia,Brown,Chicago,Amelia Brown
P973,Evelyn,Williams,Phoenix,Evelyn Williams
P974,Benjamin,Rodriguez,Denver,Benjamin Rodriguez
P975,Harper,Davis,Boston,Harper Davis
P976,Henry,Smith,Miami,Henry Smith
P977,Elijah,Garcia,Las Vegas,Elijah Garcia
P978,Amelia,Rodriguez,Portland,Amelia Rodriguez
P979,Harper,Miller,Austin,Harper Miller
P980,Liam,Brown,Chicago,Liam Brown
P981,Emma,Gonzalez,San Jose,Emma Gonzalez
P982,Elijah,Taylor,San Jose,Elijah Taylor
P983,Isabella,Johnson,Las Vegas,Isabella Johnson
P984,Elijah,Jones,Seattle,Elijah Jones
P985,Sophia,Lopez,Los Angeles,Sophia Lopez
P986,Emma,Davis,Dallas,Emma Davis
P987,Henry,Garcia,Chicago,Henry Garcia
P988,Amelia,Davis,Boston,Amelia Davis
P989,James,Moore,Chicago,James Moore
P990,James,Williams,Portland,James Williams
P991,Harper,Lopez,San Diego,Harper Lopez
P992,Harper,Williams,Atlanta,Harper Williams
P993,Evelyn,Garcia,San Diego,Evelyn Garcia
P994,Alexander,Johnson,San Antonio,Alexander Johnson
P995,Harper,Lopez,San Antonio,Harper Lopez
P996,Ava,Johnson,Chicago,Ava Johnson
P997,Alexander,Garcia,New York,Alexander Garcia
P998,Liam,Taylor,Houston,Liam Taylor
P999,Mia,Williams,Phoenix,Mia Williams
P1000,Olivia,Johnson,New York,Olivia Johnson
